{
  "train_loss": [
    1.0804664846509695,
    0.9539504405111074,
    0.9011707231402397,
    0.8142826780676842,
    0.8230041861534119,
    0.795410942286253,
    0.7747398596256971,
    0.7060065492987633,
    0.673473546281457,
    0.643373535014689,
    0.6189172305166721,
    0.6243330780416727,
    0.6050256518647075,
    0.5658260835334659,
    0.529376202262938,
    0.4964360538870096,
    0.4933627163991332,
    0.4781648479402065,
    0.4735194453969598,
    0.47723482456058264,
    0.4705939870327711,
    0.4673041431233287,
    0.4515013312920928,
    0.44116802234202623,
    0.4402959309518337,
    0.4417919460684061,
    0.4521951247006655,
    0.43857012782245874,
    0.4553771009668708,
    0.4230518089607358
  ],
  "train_acc": [
    45.5,
    58.2,
    63.7,
    71.9,
    71.7,
    72.0,
    73.2,
    77.7,
    81.3,
    81.6,
    83.9,
    83.9,
    85.3,
    85.5,
    88.0,
    89.4,
    89.7,
    90.6,
    90.3,
    90.8,
    91.7,
    91.2,
    92.4,
    92.4,
    93.2,
    93.1,
    92.1,
    92.2,
    91.5,
    93.6
  ],
  "val_loss": [
    1.034087904861995,
    0.9061421581677028,
    0.933944046497345,
    1.0323745948927743,
    0.90419088942664,
    0.8876002430915833,
    0.8300000088555473,
    0.9531237142426627,
    0.9734310592923846,
    0.9343195302145821,
    1.0220609903335571,
    1.0810741186141968,
    0.986895637852805,
    0.9416807123592922,
    0.9576994606426784,
    0.9797439234597343,
    1.0114792500223433,
    0.9900084393365043,
    1.0037579536437988,
    0.9966639706066677,
    1.032320695263999,
    1.0297834021704537,
    1.0114275302205766,
    1.0693275502749853,
    1.0116364019257682,
    1.02965019430433,
    1.0114972676549638,
    1.0171994481767928,
    1.0013572999409266,
    1.0117239441190446
  ],
  "val_acc": [
    55.23809523809524,
    65.71428571428571,
    62.38095238095238,
    59.04761904761905,
    66.19047619047619,
    68.0952380952381,
    71.9047619047619,
    68.0952380952381,
    68.57142857142857,
    71.42857142857143,
    66.19047619047619,
    66.66666666666667,
    62.857142857142854,
    70.47619047619048,
    70.0,
    68.57142857142857,
    66.19047619047619,
    71.42857142857143,
    71.9047619047619,
    71.9047619047619,
    71.9047619047619,
    70.47619047619048,
    72.38095238095238,
    70.47619047619048,
    70.47619047619048,
    70.95238095238095,
    70.0,
    71.42857142857143,
    70.95238095238095,
    70.95238095238095
  ]
}