{
  "accuracy": 0.5348837209302325,
  "classification_report": {
    "bhadawari": {
      "precision": 0.6,
      "recall": 0.6923076923076923,
      "f1-score": 0.6428571428571429,
      "support": 13.0
    },
    "jaffarabadi": {
      "precision": 0.5789473684210527,
      "recall": 0.7333333333333333,
      "f1-score": 0.6470588235294118,
      "support": 15.0
    },
    "mehsana": {
      "precision": 0.5833333333333334,
      "recall": 0.5,
      "f1-score": 0.5384615384615384,
      "support": 14.0
    },
    "murrah": {
      "precision": 0.4444444444444444,
      "recall": 0.3333333333333333,
      "f1-score": 0.38095238095238093,
      "support": 24.0
    },
    "nili_ravi": {
      "precision": 0.47368421052631576,
      "recall": 0.6923076923076923,
      "f1-score": 0.5625,
      "support": 13.0
    },
    "surti": {
      "precision": 0.6666666666666666,
      "recall": 0.2857142857142857,
      "f1-score": 0.4,
      "support": 7.0
    },
    "accuracy": 0.5348837209302325,
    "macro avg": {
      "precision": 0.5578460038986355,
      "recall": 0.5394993894993895,
      "f1-score": 0.528638314300079,
      "support": 86.0
    },
    "weighted avg": {
      "precision": 0.5365361077111382,
      "recall": 0.5348837209302325,
      "f1-score": 0.5215912080395665,
      "support": 86.0
    }
  }
}