{
  "gir": {
    "precision": 0.9281767955801105,
    "recall": 0.9411764705882353,
    "f1-score": 0.9346314325452016,
    "support": 357.0
  },
  "red_sindhi": {
    "precision": 0.9279279279279279,
    "recall": 0.6477987421383647,
    "f1-score": 0.762962962962963,
    "support": 159.0
  },
  "sahiwal": {
    "precision": 0.88125,
    "recall": 0.9679633867276888,
    "f1-score": 0.9225736095965104,
    "support": 437.0
  },
  "accuracy": 0.9045120671563484,
  "macro avg": {
    "precision": 0.9124515745026794,
    "recall": 0.8523128664847629,
    "f1-score": 0.8733893350348917,
    "support": 953.0
  },
  "weighted avg": {
    "precision": 0.9066169009051835,
    "recall": 0.9045120671563484,
    "f1-score": 0.90046086036036,
    "support": 953.0
  }
}